{
  "$schema": "https://raw.githubusercontent.com/grafana/grafana/main/docs/sources/developers/plugins/plugin.schema.json",
  "type": "datasource",
  "name": "Duckdb-Datasource",
  "id": "motherduck-duckdb-datasource",
  "metrics": true,
  "backend": true,
  "alerting": true,
  "executable": "gpx_duckdb_datasource",
  "info": {
    "description": "DuckDB and MotherDuck Data source for Grafana",
    "author": {
      "name": "MotherDuck"
    },
    "keywords": ["datasource"],
    "logos": {
      "small": "img/logo.svg",
      "large": "img/logo.svg"
    },
    "links": [],
    "screenshots": [],
    "version": "0.1.0",
    "updated": "2025-02-11"
  },
  "dependencies": {
    "grafanaDependency": ">=10.4.0",
    "plugins": []
  }
}
